"[""Brasil""]",HEROAnderson B. C.,Trabajos freelance completados: 109,"USD 33,64"
"[""Federación Rusa""]",HERORuslan V.,Trabajos freelance completados: 58,"USD 40,00"
"[""China""]",HEROXiao,Trabajos freelance completados: 87,"USD 40,00"
"[""Ecuador""]",Vicent.,Trabajos freelance completados: 8,"USD 15,00"
"[""Ecuador""]",HEROSolvetech E.,Trabajos freelance completados: 75,"USD 50,00"
"[""Brasil""]",HERODiego D. V.,Trabajos freelance completados: 93,"USD 11,21"
"[""Brasil""]",HERORafael L. S. C.,Trabajos freelance completados: 467,"USD 56,07"
"[""China""]",✔ M.,Trabajos freelance completados: 21,"USD 35,00"
"[""Brasil""]",HEROAnderson B. C.,Trabajos freelance completados: 109,"USD 33,64"
"[""Federación Rusa""]",HERORuslan V.,Trabajos freelance completados: 58,"USD 40,00"
"[""China""]",HEROXiao,Trabajos freelance completados: 87,"USD 40,00"
"[""Ecuador""]",Vicent.,Trabajos freelance completados: 8,"USD 15,00"
"[""Ecuador""]",HEROSolvetech E.,Trabajos freelance completados: 75,"USD 50,00"
"[""Brasil""]",HERODiego D. V.,Trabajos freelance completados: 93,"USD 11,20"
"[""Brasil""]",HERORafael L. S. C.,Trabajos freelance completados: 467,"USD 56,02"
"[""China""]",✔ M.,Trabajos freelance completados: 21,"USD 35,00"
"[""Brasil""]",HEROAnderson B. C.,Trabajos freelance completados: 109,"USD 33,61"
